agency.fb,aharoni,algerian,andalus,angsana.new,angsanaupc,aparajita,arial.black,arial.narrow,arial.rounded.mt.bold,arial.unicode.ms,arial,calibri.light,calibri,californian.fb,calisto.mt,cambria.math,cambria,candara,castellar,centaur,century.gothic,century.schoolbook,century,chiller,colonna.mt,comic.sans.ms,consolas,constantia,cooper.black,copperplate.gothic.bold,copperplate.gothic.light,corbel,cordia.new,david,dfkai.sb,dilleniaupc,dokchampa,dotum,dotumche,ebrima,edwardian.script.itc,elephant,engravers.mt,eras.bold.itc,eras.demi.itc,eras.light.itc,eras.medium.itc,estrangelo.edessa,eucrosiaupc,euphemia,fangsong,felix.titling,fixedsys,footlight.mt.light,forte,franklin.gothic.book,franklin.gothic.demi.cond,franklin.gothic.demi,franklin.gothic.heavy,franklin.gothic.medium.cond,franklin.gothic.medium,frankruehl,freesiaupc,freestyle.script,french.script.mt,gabriola,gadugi,gautami,georgia,gigi,gill.sans.mt.condensed,gill.sans.mt.ext.condensed.bold,gill.sans.mt,gill.sans.ultra.bold.condensed,gill.sans.ultra.bold,gisha,gloucester.mt.extra.condensed,goudy.old.style,goudy.stout,gulim,gulimche,gungsuh,gungsuhche,haettenschweiler,harlow.solid.italic,harrington,high.tower.text,impact,imprint.mt.shadow,informal.roman,irisupc,iskoola.pota,jasmineupc,jokerman,juice.itc,kaiti,kalinga,kartika,khmer.ui,kodchiangupc,kristen.itc,kunstler.script,lao.ui,latha,leelawadee,levenim.mt,lilyupc,lucida.bright,lucida.calligraphy,lucida.console,lucida.fax,lucida.handwriting,lucida.sans.typewriter,lucida.sans.unicode,lucida.sans,magneto,maiandra.gd,malgun.gothic,mangal,marlett,matura.mt.script.capitals,meiryo.ui,meiryo,microsoft.himalaya,microsoft.jhenghei.ui,microsoft.jhenghei,microsoft.new.tai.lue,microsoft.phagspa,microsoft.sans.serif,microsoft.tai.le,microsoft.uighur,microsoft.yahei.ui,microsoft.yahei,microsoft.yi.baiti,miriam.fixed,miriam,mistral,modern.no..20,modern,mongolian.baiti,monotype.corsiva,moolboran,ms.gothic,ms.mincho,ms.outlook,ms.pgothic,ms.pmincho,ms.reference.sans.serif,ms.reference.specialty,ms.sans.serif,ms.serif,ms.ui.gothic,mt.extra,mv.boli,narkisim,niagara.engraved,niagara.solid,nirmala.ui,nsimsun,nyala,ocr.a.extended,old.english.text.mt,onyx,palace.script.mt,palatino.linotype,papyrus,parchment,perpetua.titling.mt,perpetua,plantagenet.cherokee,playbill,pmingliu.extb,pmingliu,poor.richard,pristina,raavi,rage.italic,rockwell.condensed,rockwell.extra.bold,rockwell,rod,roman,sakkal.majalla,script.mt.bold,script,segoe.print,segoe.script,segoe.ui.light,segoe.ui.semibold,segoe.ui.semilight,segoe.ui.symbol,segoe.ui,shonar.bangla,showcard.gothic,shruti,simhei,simplified.arabic.fixed,simplified.arabic,simsun.extb,simsun,small.fonts,snap.itc,sylfaen,symbol,tahoma,tempus.sans.itc,terminal,times.new.roman,traditional.arabic,trebuchet.ms,tunga,tw.cen.mt.condensed.extra.bold,tw.cen.mt.condensed,tw.cen.mt,utsaah,vani,verdana,vijaya,viner.hand.itc,vivaldi,vladimir.script,vrinda,webdings,wide.latin
0.57125,0.57125,0.8575,0.8575,0.3925,0.3925,0.57125,1,0.57125,0.8575,0.8575,0.8575,0.71375,0.71375,0.8575,0.71375,0.8575,0.8575,0.8575,1.17875,0.71375,0.8575,0.8575,0.8575,0.71375,0.71375,0.8575,0.8575,0.8575,0.8575,1.17875,1.17875,0.71375,0.3925,0.57125,0.71375,0.3925,0.8575,0.71375,0.71375,0.71375,0.71375,1.17875,1,1,0.8575,0.71375,0.8575,0.71375,0.57125,0.8575,0.71375,0.8575,1,0.8575,0.71375,0.8575,0.71375,0.8575,0.8575,0.71375,0.8575,0.57125,0.57125,0.57125,0.3925,0.57125,0.71375,0.8575,1,0.8575,0.3925,0.3925,0.71375,0.8575,1.32125,0.71375,0.57125,0.71375,1.32125,0.71375,0.71375,0.71375,0.71375,0.57125,0.785,0.8575,0.71375,0.8575,0.71375,0.8575,0.57125,0.71375,0.57125,1.17875,0.3925,0.71375,0.8575,0.8575,0.71375,0.3925,0.8575,0.3925,0.71375,0.71375,0.71375,0.8575,0.57125,0.8575,1.07125,0.8575,1,1.07125,0.8575,1,1,1.17875,0.8575,0.8575,0.8575,1.625,1,0.8575,0.8575,0.3925,0.8575,0.8575,0.71375,0.71375,0.8575,0.71375,0.3925,0.8575,0.8575,0.71375,0.8575,0.71375,0.57125,0.57125,0.71375,0.71375,0.6425,0.3925,0.71375,0.71375,0.71375,0.71375,0.71375,1,1.96375,0.71375,0.57125,0.71375,1.625,1,0.57125,0.3925,0.3925,0.71375,0.71375,0.71375,0.8575,0.71375,0.3925,0.42875,0.71375,0.8575,0.25,1,0.71375,0.71375,0.3925,0.71375,0.71375,0.8575,0.57125,1,0.71375,0.3925,1,0.8575,0.8575,0.71375,0.57125,0.71375,0.57125,1.17875,1.17875,0.71375,0.8575,0.8575,0.71375,0.71375,0.71375,1,0.8575,0.71375,0.8575,0.71375,0.71375,0.71375,0.71375,1.32125,0.71375,0.71375,0.8575,1,1,0.71375,0.71375,0.71375,0.71375,0.71375,0.3925,0.8575,0.57125,0.8575,1,0.57125,1,0.6425,0.71375,0.8575,1.625,2.1075
0.57125,0.57125,1,0.8575,0.3925,0.3925,0.57125,1.17875,0.71375,1,0.8575,0.8575,0.8575,0.8575,0.8575,0.8575,0.8575,0.8575,0.8575,1.17875,0.71375,0.8575,0.8575,0.8575,0.71375,0.8575,1,0.8575,0.8575,1,1.17875,1.17875,0.8575,0.57125,0.71375,0.8575,0.3925,0.8575,0.71375,0.8575,0.8575,0.71375,1.32125,1,1,1,0.8575,0.8575,0.8575,0.57125,1,0.8575,1,1,0.8575,0.8575,1,0.8575,1,1,0.8575,1,0.57125,0.71375,0.57125,0.57125,0.57125,0.8575,1,1.17875,0.8575,0.57125,0.3925,0.8575,1,1.4825,0.8575,0.57125,0.8575,1.4825,0.8575,0.8575,0.71375,0.8575,0.71375,0.785,0.8575,0.71375,0.8575,0.8575,0.8575,0.57125,0.71375,0.71375,1.17875,0.57125,0.8575,0.8575,1,0.8575,0.3925,1,0.57125,0.8575,0.8575,0.8575,0.8575,0.71375,1,1.25,1,1,1.25,1,1,1,1.32125,1,0.8575,0.8575,1.80375,1.17875,1,1,0.3925,1,1,0.8575,0.8575,0.8575,0.8575,0.57125,1,1,0.8575,1,0.71375,0.71375,0.71375,0.71375,0.8575,0.785,0.57125,0.8575,0.8575,0.8575,0.8575,0.8575,1,2.25,0.8575,0.71375,0.8575,1.80375,1.17875,0.57125,0.3925,0.3925,0.8575,0.8575,0.8575,1,0.8575,0.57125,0.42875,0.8575,1,0.25,1.17875,0.71375,0.8575,0.57125,0.71375,0.71375,0.8575,0.8575,1.17875,0.8575,0.57125,1.17875,0.8575,1,0.71375,0.57125,0.8575,0.57125,1.32125,1.32125,0.8575,0.8575,0.8575,0.8575,0.8575,0.71375,1,1,0.8575,1,0.8575,0.8575,0.8575,0.71375,1.4825,0.8575,0.8575,0.8575,1.17875,1,0.71375,0.71375,0.8575,0.8575,0.71375,0.57125,0.8575,0.57125,1,1,0.57125,1.17875,0.785,0.71375,1,1.80375,2.25
0.71375,0.71375,1.17875,1,0.57125,0.57125,0.71375,1.32125,0.8575,1.17875,1,1,1,0.8575,1.17875,1,1,1,1,1.4825,0.8575,1,1,1,0.8575,1,1.17875,1,1,1.17875,1.4825,1.4825,1,0.57125,0.8575,1,0.57125,1,1.17875,1,1,0.8575,1.4825,1.32125,1.32125,1.17875,1,1.17875,1,0.71375,1.17875,1,1.17875,1,1,1,1.17875,1,1.17875,1.17875,1,1.17875,0.71375,0.8575,0.71375,0.57125,0.71375,1,1.17875,1.17875,0.8575,0.57125,0.57125,1,1.17875,1.80375,1,0.71375,1,1.625,1,1,0.8575,1,0.8575,0.92875,1,0.8575,1,1,1,0.71375,0.8575,0.8575,1.4825,0.71375,1,1,1.17875,1,0.57125,1.17875,0.57125,1,1,1,1.17875,0.8575,1.17875,1.42875,1.17875,1.17875,1.42875,1.17875,1.17875,1.17875,1.625,1.17875,1,1.17875,2.1075,1.32125,1.17875,1.17875,0.57125,1.17875,1.17875,1,1,1,1,0.57125,1.17875,1.17875,1,1.17875,0.8575,0.8575,0.8575,0.8575,1,0.92875,0.57125,1,1,1,1,1,1.32125,2.58875,0.8575,0.71375,1,2.1075,1.4825,0.71375,0.3925,0.57125,1,1,1,1.17875,1,0.57125,0.6425,1,1.17875,0.25,1.32125,0.8575,1,0.57125,0.8575,0.8575,1,1,1.32125,1,0.57125,1.32125,1,1.17875,0.8575,0.71375,1,0.71375,1.4825,1.4825,1,1,1,1,1,0.8575,1.17875,1.17875,1,1.17875,1,1,1,1,1.80375,1,1,1,1.32125,1,0.8575,0.8575,1,1,0.8575,0.57125,1,0.71375,1.17875,1.32125,0.71375,1.32125,0.785,0.8575,1.17875,2.1075,2.7325
0.71375,0.8575,1.32125,1.17875,0.57125,0.57125,0.71375,1.4825,0.8575,1.32125,1.17875,1.17875,1,1,1.17875,1,1.17875,1.17875,1.17875,1.625,1,1.17875,1.17875,1.17875,1,1,1.32125,1.17875,1.17875,1.32125,1.4825,1.625,1,0.71375,0.8575,1,0.57125,1.17875,1,1,1.17875,1,1.625,1.32125,1.32125,1.32125,1.17875,1.17875,1,0.71375,1.17875,1,1.17875,1,1.17875,1,1.17875,1,1.17875,1.17875,1,1.17875,0.8575,0.8575,0.71375,0.71375,0.71375,1.17875,1.32125,1.32125,0.8575,0.71375,0.71375,1,1.17875,1.96375,1.17875,0.71375,1,1.80375,1.17875,1,1.17875,1,0.8575,0.92875,1.17875,1,1.17875,1,1.17875,0.71375,1,0.8575,1.4825,0.71375,1,1.17875,1.17875,1.17875,0.57125,1.32125,0.71375,1.17875,1,1.17875,1.17875,0.8575,1.32125,1.58875,1.32125,1.32125,1.58875,1.32125,1.32125,1.32125,1.625,1.17875,1.17875,1.17875,2.25,1.4825,1.32125,1.32125,0.57125,1.17875,1.17875,1.17875,1.17875,1.17875,1.17875,0.71375,1.17875,1.17875,1,1.32125,1,0.8575,0.8575,1,1,0.92875,0.71375,1,1,1,1,1,1.32125,2.7325,1.17875,1,1,2.25,1.4825,0.8575,0.57125,0.57125,1.17875,1,1,1.32125,1,0.71375,0.6425,1,1.17875,0.25,1.4825,0.8575,1,0.71375,1,1,1.17875,1,1.4825,1,0.71375,1.4825,1.17875,1.32125,1,0.71375,1,0.71375,1.625,1.625,1,1.17875,1.17875,1.17875,1.17875,0.8575,1.17875,1.32125,1,1.32125,1,1,1,1.32125,1.96375,1,1,1.17875,1.4825,1.625,1,1,1,1,1,0.71375,1.17875,0.71375,1.32125,1.32125,0.71375,1.4825,0.92875,0.8575,1.17875,2.25,2.875
0.8575,0.8575,1.32125,1.17875,0.71375,0.71375,0.8575,1.4825,1,1.32125,1.17875,1.17875,1.17875,1.17875,1.32125,1.17875,1.17875,1.17875,1.17875,1.625,1,1.17875,1.17875,1.17875,1,1.17875,1.32125,1.17875,1.17875,1.32125,1.625,1.625,1.17875,0.71375,1,1.17875,0.57125,1.17875,1,1.17875,1.17875,1,1.80375,1.4825,1.4825,1.32125,1.17875,1.32125,1.17875,0.8575,1.32125,1.17875,1.32125,1,1.17875,1.17875,1.32125,1.17875,1.32125,1.32125,1.17875,1.32125,0.8575,0.8575,0.8575,0.71375,0.8575,1.17875,1.32125,1.32125,1.17875,0.71375,0.71375,1.17875,1.32125,2.1075,1.17875,0.8575,1.17875,1.96375,1.17875,1.17875,1.17875,1.17875,1,1.1075,1.17875,1,1.17875,1.17875,1.17875,0.8575,1.17875,1,1.625,0.71375,1.17875,1.17875,1.32125,1.17875,0.71375,1.32125,0.71375,1.17875,1.17875,1.17875,1.32125,1,1.32125,1.58875,1.32125,1.4825,1.58875,1.32125,1.4825,1.4825,1.80375,1.32125,1.17875,1.32125,2.42875,1.4825,1.4825,1.4825,0.71375,1.32125,1.32125,1.17875,1.17875,1.17875,1.17875,0.71375,1.32125,1.32125,1.17875,1.32125,1,1,1,1,1.17875,0.96375,0.71375,1.17875,1.17875,1.17875,1.17875,1.17875,1.4825,2.875,1.17875,1,1.17875,2.42875,1.625,0.8575,0.57125,0.57125,1.17875,1.17875,1.17875,1.32125,1.17875,0.71375,0.6425,1.17875,1.32125,0.3925,1.4825,1,1.17875,0.71375,1,1,1.17875,1,1.4825,1.17875,0.71375,1.625,1.17875,1.32125,1,0.8575,1.17875,0.8575,1.625,1.625,1.17875,1.17875,1.17875,1.17875,1.17875,0.8575,1.32125,1.32125,1.17875,1.32125,1.17875,1.17875,1.17875,1.32125,2.1075,1.17875,1.17875,1.17875,1.4825,1.625,1.17875,1,1.17875,1.17875,1,0.71375,1.17875,0.8575,1.32125,1.4825,0.8575,1.625,0.96375,1,1.32125,2.42875,3.07125
1,1,1.4825,1.4825,0.71375,0.71375,1,1.80375,1.17875,1.4825,1.4825,1.4825,1.32125,1.32125,1.4825,1.32125,1.4825,1.4825,1.32125,1.96375,1.17875,1.4825,1.4825,1.4825,1.17875,1.32125,1.625,1.32125,1.32125,1.4825,1.96375,1.96375,1.32125,0.8575,1,1.32125,0.71375,1.4825,1.32125,1.32125,1.32125,1.17875,1.96375,1.625,1.625,1.625,1.32125,1.4825,1.32125,1,1.4825,1.32125,1.4825,1,1.4825,1.32125,1.4825,1.32125,1.4825,1.4825,1.32125,1.4825,1,1,0.8575,0.8575,1,1.32125,1.4825,1.625,1.32125,0.8575,0.8575,1.32125,1.4825,2.25,1.32125,0.8575,1.32125,2.25,1.32125,1.32125,1.32125,1.32125,1,1.285,1.4825,1.17875,1.32125,1.32125,1.32125,0.8575,1.17875,1.17875,1.96375,0.8575,1.32125,1.4825,1.4825,1.32125,0.8575,1.4825,0.8575,1.32125,1.32125,1.32125,1.4825,1,1.625,1.91,1.4825,1.625,1.91,1.4825,1.625,1.625,2.1075,1.4825,1.32125,1.4825,2.7325,1.625,1.625,1.625,0.71375,1.4825,1.4825,1.32125,1.32125,1.32125,1.32125,0.8575,1.4825,1.4825,1.32125,1.4825,1.17875,1.17875,1.17875,1.17875,1.32125,1.1075,0.8575,1.32125,1.32125,1.32125,1.32125,1.32125,1.625,3.3575,1.32125,1.17875,1.32125,2.7325,1.80375,1,0.71375,0.71375,1.32125,1.32125,1.32125,1.4825,1.32125,0.71375,0.785,1.32125,1.4825,0.3925,1.80375,1.17875,1.32125,0.8575,1.17875,1.17875,1.32125,1.17875,1.80375,1.32125,0.8575,1.80375,1.32125,1.4825,1.17875,1,1.32125,1,1.96375,1.96375,1.32125,1.4825,1.32125,1.32125,1.32125,1.17875,1.4825,1.4825,1.32125,1.4825,1.32125,1.32125,1.32125,1.32125,2.25,1.32125,1.32125,1.32125,1.80375,1.32125,1.17875,1.17875,1.32125,1.32125,1.17875,0.8575,1.32125,1,1.625,1.625,1,1.80375,1.1075,1.17875,1.4825,2.7325,3.5
1,1,1.625,1.4825,0.8575,0.8575,1,1.80375,1.17875,1.625,1.4825,1.4825,1.32125,1.32125,1.4825,1.32125,1.4825,1.4825,1.4825,1.96375,1.32125,1.4825,1.4825,1.4825,1.17875,1.32125,1.625,1.4825,1.4825,1.625,1.96375,1.96375,1.32125,0.8575,1.17875,1.32125,0.71375,1.4825,1.4825,1.32125,1.4825,1.32125,2.1075,1.80375,1.80375,1.625,1.4825,1.4825,1.32125,1,1.625,1.32125,1.625,1,1.4825,1.4825,1.625,1.32125,1.625,1.625,1.32125,1.625,1,1.17875,0.8575,0.8575,1,1.4825,1.625,1.625,1.32125,0.8575,0.8575,1.32125,1.625,2.42875,1.4825,1,1.32125,2.25,1.4825,1.32125,1.4825,1.32125,1.17875,1.285,1.4825,1.32125,1.4825,1.32125,1.4825,1,1.32125,1.17875,1.96375,0.8575,1.32125,1.4825,1.625,1.4825,0.8575,1.625,0.8575,1.4825,1.32125,1.4825,1.4825,1.17875,1.625,1.94625,1.625,1.80375,2.1075,1.625,1.80375,1.80375,2.1075,1.625,1.4825,1.625,2.875,1.80375,1.625,1.625,0.8575,1.625,1.625,1.4825,1.4825,1.4825,1.4825,0.8575,1.625,1.625,1.32125,1.625,1.17875,1.17875,1.17875,1.32125,1.32125,1.285,0.8575,1.32125,1.32125,1.32125,1.32125,1.32125,1.80375,3.5,1.32125,1.17875,1.32125,2.875,1.96375,1,0.8575,0.8575,1.4825,1.32125,1.32125,1.625,1.32125,0.8575,0.785,1.32125,1.4825,0.3925,1.80375,1.17875,1.32125,0.8575,1.17875,1.17875,1.4825,1.32125,1.80375,1.32125,0.8575,1.96375,1.4825,1.625,1.32125,1,1.4825,1,2.1075,2.1075,1.32125,1.4825,1.4825,1.4825,1.4825,1.17875,1.625,1.625,1.32125,1.625,1.4825,1.32125,1.32125,1.625,2.42875,1.32125,1.32125,1.4825,1.80375,1.32125,1.32125,1.32125,1.32125,1.4825,1.32125,0.8575,1.4825,1,1.625,1.80375,1,1.96375,1.285,1.17875,1.625,2.875,3.69625
1.17875,1.17875,1.80375,1.625,0.8575,0.8575,1,1.96375,1.32125,1.625,1.625,1.625,1.4825,1.4825,1.625,1.4825,1.625,1.625,1.625,2.1075,1.32125,1.625,1.625,1.625,1.32125,1.4825,1.80375,1.625,1.4825,1.80375,2.1075,2.1075,1.4825,1,1.17875,1.4825,0.8575,1.625,1.4825,1.4825,1.4825,1.32125,2.25,1.96375,1.96375,1.80375,1.4825,1.625,1.4825,1.17875,1.625,1.4825,1.625,1,1.625,1.4825,1.625,1.4825,1.625,1.625,1.4825,1.625,1.17875,1.17875,1,1,1,1.4825,1.80375,1.80375,1.625,1,0.8575,1.4825,1.625,2.58875,1.4825,1,1.4825,2.42875,1.4825,1.4825,1.4825,1.4825,1.17875,1.42875,1.625,1.32125,1.4825,1.4825,1.4825,1,1.4825,1.32125,2.1075,1,1.4825,1.625,1.625,1.4825,0.8575,1.80375,0.8575,1.4825,1.4825,1.4825,1.625,1.17875,1.80375,2.1075,1.80375,1.80375,2.1075,1.80375,1.80375,1.80375,2.25,1.625,1.625,1.625,3.07125,1.96375,1.80375,1.80375,0.8575,1.625,1.625,1.4825,1.4825,1.625,1.4825,1,1.625,1.625,1.4825,1.80375,1.32125,1.17875,1.32125,1.32125,1.4825,1.285,0.8575,1.4825,1.4825,1.4825,1.4825,1.4825,1.80375,3.69625,1.32125,1.17875,1.4825,3.07125,2.1075,1.17875,0.8575,0.8575,1.4825,1.4825,1.4825,1.80375,1.4825,0.8575,0.92875,1.4825,1.80375,0.3925,1.96375,1.32125,1.4825,0.8575,1.32125,1.32125,1.625,1.32125,1.96375,1.4825,1,1.96375,1.4825,1.80375,1.32125,1.17875,1.4825,1,2.1075,2.1075,1.4825,1.625,1.625,1.4825,1.4825,1.32125,1.625,1.80375,1.4825,1.80375,1.4825,1.4825,1.4825,1.625,2.58875,1.4825,1.4825,1.4825,1.96375,1.32125,1.4825,1.32125,1.4825,1.4825,1.32125,1,1.625,1,1.80375,1.80375,1,1.96375,1.285,1.32125,1.625,3.07125,3.83875
1.32125,1.32125,1.96375,1.80375,1,1,1.17875,2.1075,1.32125,1.96375,1.80375,1.80375,1.625,1.625,1.80375,1.625,1.80375,1.80375,1.80375,2.42875,1.4825,1.80375,1.80375,1.80375,1.4825,1.625,1.96375,1.80375,1.80375,1.96375,2.25,2.42875,1.625,1,1.32125,1.625,0.8575,1.80375,1.625,1.625,1.625,1.4825,2.42875,2.1075,2.1075,1.96375,1.625,1.80375,1.625,1.17875,1.80375,1.625,1.80375,2.25,1.80375,1.625,1.80375,1.625,1.80375,1.80375,1.625,1.80375,1.32125,1.32125,1,1,1.17875,1.625,1.96375,1.96375,1.625,1,1,1.625,1.80375,2.875,1.625,1.17875,1.625,2.7325,1.4825,1.625,1.625,1.625,1.32125,1.625,1.80375,1.4825,1.625,1.625,1.625,1.17875,1.4825,1.4825,2.25,1.17875,1.625,1.80375,1.80375,1.625,1,1.96375,1,1.625,1.625,1.625,1.80375,1.32125,1.96375,2.25,1.96375,2.1075,2.3925,1.96375,2.1075,2.1075,2.58875,1.96375,1.80375,1.80375,3.3575,2.1075,1.96375,1.96375,1,1.80375,1.80375,1.625,1.625,1.80375,1.625,1,1.80375,1.80375,1.625,1.96375,1.4825,1.32125,1.32125,1.4825,1.625,1.4825,1,1.625,1.625,1.625,1.625,1.625,2.1075,4.1425,1.625,1.32125,1.625,3.3575,2.25,1.32125,1,1,1.625,1.625,1.625,1.96375,1.625,1,0.96375,1.625,1.96375,0.57125,2.1075,1.4825,1.625,1,1.4825,1.4825,1.80375,1.4825,2.1075,1.625,1,2.25,1.625,1.96375,1.4825,1.17875,1.625,1.17875,2.42875,2.42875,1.625,1.80375,1.80375,1.625,1.625,1.32125,1.96375,1.96375,1.625,1.96375,1.625,1.625,1.625,1.625,2.875,1.625,1.625,1.80375,2.1075,1.32125,1.4825,1.4825,1.625,1.625,1.4825,1,1.80375,1.17875,1.96375,2.1075,1.17875,2.25,1.4825,1.4825,1.80375,3.3575,4.1425
1.32125,1.32125,1.96375,1.80375,1,1,1.32125,2.25,1.4825,1.96375,1.80375,1.80375,1.625,1.625,1.80375,1.625,1.80375,1.80375,1.80375,2.42875,1.625,1.80375,1.80375,1.80375,1.4825,1.625,2.1075,1.80375,1.80375,1.96375,2.42875,2.42875,1.80375,1.17875,1.4825,1.625,0.8575,1.80375,1.80375,1.625,1.80375,1.4825,2.58875,2.25,2.25,2.1075,1.80375,1.96375,1.625,1.32125,1.96375,1.625,1.96375,2.25,1.80375,1.80375,1.96375,1.625,1.96375,1.96375,1.625,1.96375,1.32125,1.4825,1.17875,1.17875,1.32125,1.80375,1.96375,2.1075,1.625,1.17875,1,1.625,1.96375,3.07125,1.80375,1.17875,1.625,2.875,1.80375,1.625,1.80375,1.625,1.4825,1.625,1.80375,1.625,1.80375,1.625,1.80375,1.17875,1.625,1.4825,2.42875,1,1.625,1.80375,1.96375,1.80375,1,1.96375,1,1.80375,1.625,1.80375,1.96375,1.4825,2.1075,2.3925,1.96375,2.1075,2.3925,1.96375,2.1075,2.1075,2.7325,1.96375,1.80375,1.96375,3.5,2.25,2.1075,2.1075,1,1.96375,1.96375,1.80375,1.80375,1.80375,1.80375,1.17875,1.96375,1.96375,1.625,1.96375,1.4825,1.4825,1.4825,1.4825,1.625,1.625,1,1.625,1.625,1.625,1.625,1.625,2.1075,4.32125,1.80375,1.625,1.625,3.5,2.42875,1.32125,1,1,1.80375,1.625,1.625,1.96375,1.625,1,1.1075,1.625,1.96375,0.57125,2.25,1.4825,1.625,1.17875,1.4825,1.4825,1.80375,1.625,2.25,1.625,1.17875,2.42875,1.80375,1.96375,1.4825,1.32125,1.80375,1.32125,2.58875,2.58875,1.625,1.80375,1.80375,1.80375,1.80375,1.32125,1.96375,1.96375,1.625,1.96375,1.80375,1.625,1.625,2.1075,3.07125,1.625,1.625,1.80375,2.25,2.25,1.625,1.625,1.80375,1.80375,1.625,1.17875,1.80375,1.32125,2.1075,2.1075,1.32125,2.25,1.4825,1.4825,1.96375,3.5,4.46375
1.32125,1.32125,2.1075,1.96375,1,1,1.32125,2.42875,1.4825,2.1075,1.96375,1.96375,1.80375,1.80375,1.96375,1.80375,1.96375,1.96375,1.96375,2.58875,1.625,1.96375,1.96375,1.96375,1.625,1.80375,2.1075,1.96375,1.96375,2.1075,2.58875,2.58875,1.80375,1.17875,1.4825,1.80375,1,1.96375,1.80375,1.80375,1.80375,1.625,2.7325,2.25,2.25,2.1075,1.80375,1.96375,1.80375,1.32125,2.1075,1.80375,2.1075,2.25,1.96375,1.80375,2.1075,1.80375,2.1075,2.1075,1.80375,2.1075,1.32125,1.4825,1.17875,1.17875,1.32125,1.80375,2.1075,2.1075,1.625,1.17875,1.17875,1.80375,2.1075,3.07125,1.80375,1.32125,1.80375,3.07125,1.80375,1.80375,1.80375,1.80375,1.4825,1.7675,1.96375,1.625,1.96375,1.80375,1.80375,1.32125,1.625,1.4825,2.58875,1.17875,1.80375,1.96375,1.96375,1.80375,1.17875,2.1075,1.17875,1.80375,1.80375,1.80375,1.96375,1.4825,2.1075,2.58875,2.1075,2.25,2.625,2.1075,2.25,2.25,2.7325,2.1075,1.96375,1.96375,3.69625,2.25,2.25,2.25,1,1.96375,1.96375,1.80375,1.80375,1.96375,1.80375,1.17875,2.1075,2.1075,1.80375,2.1075,1.625,1.4825,1.4825,1.625,1.80375,1.625,1.17875,1.80375,1.80375,1.80375,1.80375,1.80375,2.25,4.46375,1.80375,1.625,1.80375,3.69625,2.58875,1.32125,1,1,1.80375,1.80375,1.80375,2.1075,1.80375,1,1.1075,1.80375,2.1075,0.57125,2.42875,1.4825,1.80375,1.17875,1.625,1.625,1.96375,1.625,2.25,1.80375,1.17875,2.42875,1.96375,2.1075,1.625,1.32125,1.80375,1.32125,2.58875,2.58875,1.80375,1.96375,1.96375,1.80375,1.80375,1.4825,2.1075,2.1075,1.80375,2.1075,1.80375,1.80375,1.80375,2.1075,3.21375,1.80375,1.80375,1.96375,2.42875,2.25,1.625,1.625,1.80375,1.80375,1.625,1.17875,1.96375,1.32125,2.1075,2.25,1.32125,2.42875,1.625,1.625,1.96375,3.69625,4.6075
1.4825,1.4825,2.25,2.1075,1.17875,1.17875,1.4825,2.58875,1.625,2.25,2.1075,2.1075,1.96375,1.96375,1.96375,1.96375,2.1075,2.1075,2.1075,2.7325,1.80375,2.1075,2.1075,2.1075,1.80375,1.96375,2.25,2.1075,2.1075,2.25,2.7325,2.7325,1.96375,1.32125,1.625,1.96375,1,2.1075,2.25,1.96375,2.1075,1.80375,2.875,2.42875,2.58875,2.25,1.96375,2.1075,1.96375,1.4825,2.25,1.96375,2.25,2.25,2.1075,1.96375,2.25,1.96375,2.25,2.25,1.96375,2.25,1.4825,1.625,1.32125,1.32125,1.4825,2.1075,2.25,2.42875,1.96375,1.32125,1.17875,1.96375,2.25,3.3575,2.1075,1.32125,1.96375,3.21375,2.25,1.96375,2.25,1.96375,1.625,1.94625,2.1075,1.80375,2.1075,1.96375,2.1075,1.4825,1.96375,1.625,2.7325,1.32125,1.96375,2.1075,2.25,2.1075,1.17875,2.25,1.32125,2.1075,1.96375,2.1075,2.1075,1.625,2.25,2.7675,2.25,2.42875,2.7675,2.25,2.42875,2.42875,3.07125,2.25,2.1075,2.25,3.9825,2.58875,2.42875,2.42875,1.17875,2.25,2.25,2.1075,2.1075,2.1075,2.1075,1.32125,2.25,2.25,1.96375,2.25,1.80375,1.625,1.625,1.80375,1.96375,1.80375,1.17875,1.96375,1.96375,1.96375,1.96375,1.96375,2.42875,4.7675,1.96375,2.1075,1.96375,4.1425,2.7325,1.4825,1,1,2.1075,1.96375,1.96375,2.25,1.96375,1,1.1075,1.96375,2.1075,0.71375,2.58875,1.625,1.96375,1.32125,1.80375,1.80375,2.1075,1.80375,2.58875,1.96375,1.32125,2.7325,2.1075,2.25,1.80375,1.4825,1.96375,1.4825,2.875,2.875,1.96375,2.1075,2.1075,2.1075,2.1075,1.625,2.25,2.25,1.96375,2.25,1.96375,1.96375,1.96375,2.1075,3.3575,1.96375,1.96375,2.1075,2.58875,2.25,1.96375,1.80375,1.96375,1.96375,1.80375,1.32125,2.1075,1.4825,2.42875,2.42875,1.4825,2.58875,1.7675,1.80375,2.25,3.9825,4.94625
1.4825,1.625,2.42875,2.1075,1.17875,1.17875,1.4825,2.7325,1.80375,2.42875,2.25,2.25,1.96375,1.96375,2.1075,1.96375,2.25,2.25,2.1075,2.875,1.96375,2.25,2.25,2.25,1.80375,1.96375,2.42875,2.1075,2.1075,2.42875,2.875,2.875,2.1075,1.32125,1.625,1.96375,1.17875,2.25,2.25,1.96375,2.1075,1.80375,3.07125,2.58875,2.58875,2.42875,2.1075,2.25,1.96375,1.4825,2.25,1.96375,2.25,2.25,2.1075,2.1075,2.25,1.96375,2.25,2.25,1.96375,2.25,1.625,1.625,1.32125,1.32125,1.4825,2.1075,2.42875,2.42875,1.96375,1.32125,1.32125,1.96375,2.25,3.5,2.1075,1.4825,1.96375,3.3575,2.25,1.96375,2.25,1.96375,1.625,1.94625,2.25,1.80375,2.1075,1.96375,2.1075,1.4825,1.96375,1.80375,2.875,1.32125,1.96375,2.25,2.25,2.1075,1.32125,2.42875,1.32125,2.1075,1.96375,2.1075,2.25,1.625,2.42875,2.91,2.42875,2.58875,2.91,2.42875,2.58875,2.58875,3.21375,2.25,2.1075,2.25,4.1425,2.58875,2.42875,2.42875,1.17875,2.25,2.25,2.1075,2.1075,2.25,2.1075,1.32125,2.25,2.25,1.96375,2.42875,1.80375,1.80375,1.80375,1.80375,1.96375,1.80375,1.32125,1.96375,1.96375,1.96375,1.96375,1.96375,2.58875,5.08875,1.96375,2.1075,1.96375,4.32125,2.875,1.625,1.17875,1.17875,2.1075,1.96375,1.96375,2.42875,1.96375,1,1.285,1.96375,2.42875,0.71375,2.7325,1.80375,2.1075,1.32125,1.80375,1.80375,2.1075,1.96375,2.58875,2.1075,1.32125,2.7325,2.1075,2.42875,1.80375,1.4825,2.1075,1.4825,2.875,2.875,1.96375,2.25,2.1075,2.1075,2.1075,1.625,2.42875,2.42875,1.96375,2.42875,2.1075,1.96375,1.96375,2.25,3.5,1.96375,1.96375,2.1075,2.7325,2.25,1.96375,1.96375,2.1075,2.1075,1.96375,1.32125,2.1075,1.4825,2.42875,2.58875,1.4825,2.7325,1.80375,1.80375,2.25,4.1425,5.25
1.4825,1.625,2.42875,2.25,1.32125,1.32125,1.625,2.7325,1.80375,2.42875,2.25,2.25,2.1075,2.1075,2.1075,2.1075,2.25,2.25,2.25,3.07125,1.96375,2.25,2.25,2.25,1.96375,2.1075,2.58875,2.25,2.25,2.42875,3.07125,3.07125,2.1075,1.4825,1.80375,2.1075,1.17875,2.25,2.42875,2.1075,2.25,1.96375,3.21375,2.7325,2.7325,2.58875,2.25,2.42875,2.1075,1.625,2.42875,2.1075,2.42875,2.25,2.25,2.1075,2.42875,2.1075,2.42875,2.42875,2.1075,2.42875,1.625,1.80375,1.32125,1.4825,1.625,2.25,2.42875,2.58875,1.96375,1.4825,1.32125,2.1075,2.42875,3.69625,2.25,1.4825,2.1075,3.5,2.42875,2.1075,2.42875,2.1075,1.80375,2.1425,2.25,1.96375,2.25,2.1075,2.25,1.4825,1.96375,1.80375,3.07125,1.4825,2.1075,2.25,2.42875,2.25,1.32125,2.42875,1.32125,2.25,2.1075,2.25,2.42875,1.80375,2.58875,2.91,2.42875,2.58875,3.05375,2.42875,2.58875,2.58875,3.21375,2.42875,2.25,2.42875,4.32125,2.7325,2.58875,2.58875,1.32125,2.42875,2.42875,2.25,2.25,2.25,2.25,1.4825,2.42875,2.42875,2.1075,2.42875,1.96375,1.80375,1.80375,1.96375,2.1075,1.9825,1.32125,2.1075,2.1075,2.1075,2.1075,2.1075,2.58875,5.25,1.96375,2.1075,2.1075,4.46375,2.875,1.625,1.17875,1.17875,2.25,2.1075,2.1075,2.58875,2.1075,1.17875,1.32125,2.1075,2.42875,0.71375,2.7325,1.80375,2.1075,1.32125,1.96375,1.96375,2.25,1.96375,2.7325,2.1075,1.4825,2.875,2.25,2.42875,1.96375,1.625,2.1075,1.625,3.07125,3.07125,2.1075,2.25,2.25,2.25,2.25,1.625,2.42875,2.42875,2.1075,2.42875,2.1075,2.1075,2.1075,2.25,3.69625,2.1075,2.1075,2.25,2.7325,2.25,1.96375,1.96375,2.1075,2.1075,1.96375,1.4825,2.25,1.625,2.58875,2.58875,1.625,2.875,1.80375,1.80375,2.42875,4.32125,5.3925
1.80375,1.80375,2.7325,2.42875,1.32125,1.32125,1.625,3.07125,1.96375,2.58875,2.42875,2.42875,2.25,2.25,2.25,2.25,2.42875,2.42875,2.42875,3.21375,2.1075,2.42875,2.42875,2.42875,2.1075,2.25,2.7325,2.42875,2.42875,2.7325,3.21375,3.21375,2.25,1.4825,1.96375,2.25,1.32125,2.42875,2.58875,2.25,2.42875,2.1075,3.5,2.875,2.875,2.7325,2.42875,2.58875,2.25,1.80375,2.58875,2.25,2.58875,2.25,2.42875,2.25,2.58875,2.25,2.58875,2.58875,2.25,2.58875,1.80375,1.96375,1.4825,1.4825,1.625,2.42875,2.58875,2.7325,2.42875,1.4825,1.4825,2.25,2.58875,3.83875,2.42875,1.625,2.25,3.83875,2.58875,2.25,2.58875,2.25,1.96375,2.1425,2.42875,2.1075,2.42875,2.25,2.42875,1.625,2.25,1.96375,3.21375,1.625,2.25,2.42875,2.58875,2.42875,1.4825,2.7325,1.4825,2.42875,2.25,2.42875,2.58875,1.96375,2.7325,3.285,2.7325,2.875,3.285,2.7325,2.875,2.875,3.5,2.58875,2.42875,2.58875,4.6075,2.875,2.7325,2.7325,1.32125,2.58875,2.58875,2.42875,2.42875,2.42875,2.42875,1.4825,2.58875,2.58875,2.25,2.7325,2.1075,1.96375,1.96375,2.1075,2.25,2.1425,1.4825,2.25,2.25,2.25,2.25,2.25,2.875,5.57125,2.58875,2.25,2.25,4.7675,3.21375,1.80375,1.32125,1.17875,2.42875,2.25,2.25,2.7325,2.25,1.17875,1.4825,2.25,2.58875,0.8575,3.07125,1.96375,2.25,1.4825,2.1075,2.1075,2.42875,2.1075,2.875,2.25,1.4825,3.07125,2.42875,2.7325,2.1075,1.80375,2.25,1.80375,3.3575,3.3575,2.25,2.42875,2.42875,2.42875,2.42875,1.80375,2.58875,2.58875,2.25,2.7325,2.25,2.25,2.25,2.58875,3.9825,2.25,2.25,2.42875,3.07125,3.5,2.25,2.1075,2.25,2.25,2.1075,1.4825,2.42875,1.625,2.7325,2.875,1.625,3.07125,1.9825,1.96375,2.58875,4.6075,5.71375
1.96375,1.80375,2.7325,2.58875,1.4825,1.4825,1.80375,3.07125,2.1075,2.7325,2.58875,2.58875,2.25,2.25,2.42875,2.25,2.58875,2.58875,2.58875,3.3575,2.25,2.58875,2.58875,2.58875,2.1075,2.25,2.875,2.58875,2.42875,2.7325,3.3575,3.3575,2.42875,1.625,1.96375,2.25,1.32125,2.58875,2.7325,2.25,2.42875,2.1075,3.5,3.07125,3.07125,2.875,2.42875,2.58875,2.25,1.80375,2.7325,2.25,2.7325,2.25,2.58875,2.42875,2.7325,2.25,2.7325,2.7325,2.25,2.7325,1.80375,1.96375,1.625,1.625,1.80375,2.42875,2.7325,2.875,2.42875,1.625,1.4825,2.25,2.7325,3.9825,2.42875,1.625,2.25,3.83875,2.58875,2.25,2.7325,2.25,1.96375,2.285,2.58875,2.1075,2.42875,2.25,2.42875,1.80375,2.25,2.1075,3.3575,1.4825,2.25,2.58875,2.58875,2.42875,1.4825,2.7325,1.4825,2.42875,2.25,2.42875,2.58875,1.96375,2.7325,3.285,2.7325,2.875,3.42875,2.7325,2.875,2.875,3.69625,2.7325,2.58875,2.58875,4.7675,3.07125,2.875,2.875,1.4825,2.7325,2.7325,2.42875,2.42875,2.58875,2.42875,1.625,2.7325,2.7325,2.25,2.7325,2.1075,1.96375,2.1075,2.1075,2.25,2.17875,1.4825,2.25,2.25,2.25,2.25,2.25,2.875,5.71375,2.58875,2.25,2.25,4.94625,3.21375,1.80375,1.32125,1.32125,2.42875,2.25,2.25,2.7325,2.25,1.17875,1.4825,2.25,2.7325,0.8575,3.07125,2.1075,2.42875,1.4825,2.1075,2.1075,2.58875,2.1075,3.07125,2.42875,1.625,3.21375,2.42875,2.7325,2.1075,1.80375,2.42875,1.80375,3.3575,3.3575,2.25,2.58875,2.58875,2.42875,2.42875,1.96375,2.7325,2.7325,2.25,2.7325,2.42875,2.25,2.25,2.875,4.1425,2.25,2.25,2.42875,3.07125,3.5,2.25,2.25,2.42875,2.42875,2.25,1.625,2.58875,1.80375,2.875,2.875,1.80375,3.21375,2.1425,2.1075,2.58875,4.7675,6.0175
1.96375,1.96375,2.875,2.58875,1.4825,1.4825,1.80375,3.21375,2.1075,2.875,2.58875,2.58875,2.42875,2.42875,2.42875,2.42875,2.58875,2.58875,2.58875,3.5,2.25,2.58875,2.58875,2.58875,2.25,2.42875,2.875,2.58875,2.58875,2.875,3.5,3.5,2.42875,1.625,2.1075,2.42875,1.32125,2.58875,2.7325,2.42875,2.58875,2.25,3.69625,3.07125,3.21375,2.875,2.58875,2.7325,2.42875,1.80375,2.7325,2.42875,2.7325,3.5,2.58875,2.58875,2.7325,2.42875,2.7325,2.7325,2.42875,2.7325,1.96375,2.1075,1.625,1.625,1.80375,2.58875,2.875,2.875,2.42875,1.625,1.4825,2.42875,2.7325,4.1425,2.58875,1.80375,2.42875,3.9825,2.7325,2.42875,2.7325,2.42875,2.1075,2.285,2.58875,2.25,2.58875,2.42875,2.58875,1.80375,2.42875,2.1075,3.5,1.625,2.42875,2.58875,2.7325,2.58875,1.4825,2.875,1.625,2.58875,2.42875,2.58875,2.7325,2.1075,2.875,3.42875,2.875,3.07125,3.42875,2.875,3.07125,3.07125,3.69625,2.7325,2.58875,2.7325,4.94625,3.21375,2.875,2.875,1.4825,2.7325,2.7325,2.58875,2.58875,2.58875,2.58875,1.625,2.7325,2.7325,2.42875,2.875,2.25,2.1075,2.1075,2.25,2.42875,2.32125,1.4825,2.42875,2.42875,2.42875,2.42875,2.42875,3.07125,6.0175,2.58875,2.25,2.42875,5.08875,3.3575,1.96375,1.32125,1.32125,2.58875,2.42875,2.42875,2.875,2.42875,1.32125,1.4825,2.42875,2.7325,0.8575,3.21375,2.1075,2.42875,1.625,2.25,2.25,2.58875,2.1075,3.21375,2.42875,1.625,3.3575,2.58875,2.875,2.25,1.80375,2.42875,1.80375,3.5,3.5,2.42875,2.58875,2.58875,2.58875,2.58875,1.96375,2.7325,2.875,2.42875,2.875,2.42875,2.42875,2.42875,2.58875,4.32125,2.42875,2.42875,2.58875,3.21375,3.5,2.42875,2.25,2.42875,2.42875,2.25,1.625,2.58875,1.80375,2.875,3.07125,1.80375,3.21375,2.17875,2.1075,2.7325,4.94625,6.19625
2.1075,2.1075,3.07125,2.7325,1.625,1.625,1.96375,3.3575,2.25,3.07125,2.7325,2.7325,2.58875,2.58875,2.58875,2.58875,2.7325,2.7325,2.7325,3.69625,2.42875,2.7325,2.7325,2.7325,2.25,2.58875,3.07125,2.7325,2.7325,3.07125,3.69625,3.69625,2.58875,1.80375,2.25,2.58875,1.4825,2.7325,2.875,2.58875,2.7325,2.42875,3.9825,3.3575,3.3575,3.07125,2.7325,2.875,2.58875,1.96375,2.875,2.58875,2.875,3.5,2.7325,2.7325,3.07125,2.58875,3.07125,3.07125,2.58875,3.07125,2.1075,2.1075,1.80375,1.80375,1.96375,2.7325,3.07125,3.07125,2.7325,1.80375,1.625,2.58875,2.875,4.46375,2.7325,1.96375,2.58875,4.32125,2.875,2.58875,2.875,2.58875,2.1075,2.46375,2.7325,2.42875,2.7325,2.58875,2.7325,1.96375,2.58875,2.25,3.69625,1.80375,2.58875,2.875,2.875,2.7325,1.625,3.07125,1.625,2.7325,2.58875,2.7325,2.875,2.25,3.07125,3.57125,3.07125,3.21375,3.7325,3.07125,3.21375,3.21375,3.9825,3.07125,2.7325,2.875,5.25,3.3575,3.21375,3.21375,1.625,2.875,2.875,2.7325,2.7325,2.7325,2.7325,1.80375,3.07125,3.07125,2.58875,3.07125,2.25,2.25,2.25,2.42875,2.58875,2.32125,1.625,2.58875,2.58875,2.58875,2.58875,2.58875,3.21375,6.3575,2.58875,2.25,2.58875,5.3925,3.69625,2.1075,1.32125,1.32125,2.7325,2.58875,2.58875,3.07125,2.58875,1.32125,1.625,2.58875,3.07125,0.8575,3.3575,2.25,2.58875,1.625,2.25,2.25,2.7325,2.25,3.3575,2.58875,1.80375,3.5,2.7325,3.07125,2.42875,1.96375,2.58875,1.96375,3.83875,3.83875,2.58875,2.7325,2.7325,2.7325,2.7325,2.1075,3.07125,3.07125,2.58875,3.07125,2.58875,2.58875,2.58875,2.58875,4.46375,2.58875,2.58875,2.7325,3.3575,3.5,2.58875,2.42875,2.58875,2.7325,2.42875,1.80375,2.7325,1.96375,3.07125,3.21375,1.96375,3.5,2.32125,2.25,2.875,5.25,6.5
2.1075,2.1075,3.21375,2.875,1.625,1.625,1.96375,3.5,2.25,3.07125,2.875,2.875,2.58875,2.58875,2.7325,2.58875,2.875,2.875,2.875,3.83875,2.58875,2.875,2.875,2.875,2.42875,2.58875,3.21375,2.875,2.875,3.21375,3.83875,3.83875,2.7325,1.80375,2.25,2.58875,1.4825,2.875,3.07125,2.58875,2.7325,2.42875,3.9825,3.3575,3.3575,3.21375,2.7325,3.07125,2.58875,2.1075,3.07125,2.58875,3.07125,3.5,2.875,2.7325,3.07125,2.58875,3.07125,3.07125,2.58875,3.07125,2.1075,2.25,1.80375,1.80375,1.96375,2.7325,3.07125,3.21375,2.7325,1.80375,1.625,2.58875,3.07125,4.6075,2.7325,1.96375,2.58875,4.46375,3.07125,2.58875,3.07125,2.58875,2.25,2.66,2.875,2.42875,2.875,2.58875,2.875,1.96375,2.58875,2.25,3.83875,1.80375,2.58875,2.875,3.07125,2.7325,1.625,3.21375,1.80375,2.7325,2.58875,2.7325,3.07125,2.25,3.21375,3.7675,3.21375,3.3575,3.7675,3.21375,3.3575,3.3575,4.1425,3.07125,2.875,3.07125,5.3925,3.5,3.21375,3.21375,1.625,3.07125,3.07125,2.7325,2.7325,2.875,2.7325,1.80375,3.07125,3.07125,2.58875,3.21375,2.42875,2.25,2.25,2.42875,2.58875,2.46375,1.625,2.58875,2.58875,2.58875,2.58875,2.58875,3.3575,6.5,2.875,2.58875,2.58875,5.57125,3.69625,2.1075,1.4825,1.4825,2.7325,2.58875,2.58875,3.21375,2.58875,1.32125,1.66,2.58875,3.07125,1,3.5,2.25,2.7325,1.80375,2.42875,2.42875,2.875,2.42875,3.5,2.7325,1.80375,3.69625,2.875,3.21375,2.42875,2.1075,2.7325,2.1075,3.83875,3.83875,2.7325,2.875,2.875,2.7325,2.7325,2.1075,3.07125,3.07125,2.58875,3.21375,2.7325,2.58875,2.58875,2.875,4.6075,2.58875,2.58875,2.875,3.5,2.875,2.58875,2.58875,2.7325,2.7325,2.58875,1.80375,2.875,1.96375,3.21375,3.3575,1.96375,3.5,2.32125,2.42875,3.07125,5.3925,6.82125
2.25,2.1075,3.21375,2.875,1.625,1.625,2.1075,3.69625,2.42875,3.21375,3.07125,3.07125,2.7325,2.7325,2.7325,2.7325,2.875,2.875,2.875,3.9825,2.58875,3.07125,3.07125,3.07125,2.42875,2.7325,3.3575,2.875,2.875,3.21375,3.83875,3.9825,2.7325,1.80375,2.25,2.7325,1.4825,3.07125,3.21375,2.7325,2.875,2.58875,4.1425,3.5,3.5,3.3575,2.875,3.07125,2.7325,2.1075,3.21375,2.7325,3.21375,3.5,2.875,2.875,3.21375,2.7325,3.21375,3.21375,2.7325,3.21375,2.1075,2.25,1.80375,1.96375,2.1075,2.875,3.21375,3.3575,2.7325,1.96375,1.80375,2.7325,3.21375,4.7675,2.875,1.96375,2.7325,4.6075,3.07125,2.7325,3.21375,2.7325,2.25,2.66,3.07125,2.58875,2.875,2.7325,2.875,2.1075,2.7325,2.42875,3.83875,1.96375,2.7325,3.07125,3.07125,2.875,1.80375,3.21375,1.80375,2.875,2.7325,2.875,3.07125,2.25,3.3575,3.94625,3.21375,3.3575,3.94625,3.21375,3.3575,3.3575,4.32125,3.21375,2.875,3.07125,5.57125,3.5,3.3575,3.3575,1.625,3.07125,3.07125,2.875,2.875,3.07125,2.875,1.96375,3.21375,3.21375,2.7325,3.21375,2.42875,2.42875,2.42875,2.58875,2.7325,2.46375,1.80375,2.7325,2.7325,2.7325,2.7325,2.7325,3.5,6.6425,2.875,2.58875,2.7325,5.71375,3.83875,2.1075,1.4825,1.4825,2.875,2.7325,2.7325,3.21375,2.7325,1.32125,1.80375,2.7325,3.07125,1,3.69625,2.42875,2.7325,1.80375,2.42875,2.42875,2.875,2.42875,3.5,2.7325,1.96375,3.69625,2.875,3.21375,2.58875,2.1075,2.875,2.1075,3.9825,3.9825,2.7325,3.07125,2.875,2.875,2.875,2.25,3.21375,3.21375,2.7325,3.21375,2.7325,2.7325,2.7325,2.875,4.7675,2.7325,2.7325,2.875,3.69625,2.875,2.7325,2.58875,2.7325,2.875,2.58875,1.96375,2.875,2.1075,3.3575,3.5,2.1075,3.69625,2.46375,2.42875,3.07125,5.57125,6.9825
2.42875,2.25,3.3575,3.21375,1.80375,1.80375,2.25,3.83875,2.58875,3.3575,3.21375,3.21375,2.875,2.875,2.875,2.875,3.21375,3.21375,3.21375,4.1425,2.7325,3.21375,3.21375,3.21375,2.58875,2.875,3.5,3.07125,3.07125,3.3575,4.1425,4.1425,2.875,1.96375,2.42875,2.875,1.625,3.21375,3.3575,2.875,3.07125,2.7325,4.46375,3.69625,3.69625,3.5,3.07125,3.21375,2.875,2.25,3.3575,2.875,3.3575,3.5,3.21375,3.07125,3.3575,2.875,3.3575,3.3575,2.875,3.3575,2.25,2.42875,1.96375,1.96375,2.25,3.07125,3.3575,3.5,2.7325,1.96375,1.96375,2.875,3.3575,4.94625,3.07125,2.1075,2.875,4.7675,3.21375,2.875,3.3575,2.875,2.42875,2.80375,3.21375,2.7325,3.07125,2.875,3.07125,2.1075,2.875,2.58875,4.1425,2.1075,2.875,3.21375,3.21375,3.07125,1.80375,3.3575,1.96375,3.07125,2.875,3.07125,3.21375,2.42875,3.5,4.08875,3.3575,3.69625,4.08875,3.3575,3.69625,3.69625,4.46375,3.3575,3.07125,3.21375,5.875,3.83875,3.5,3.5,1.80375,3.3575,3.3575,3.07125,3.07125,3.21375,3.07125,1.96375,3.3575,3.3575,2.875,3.3575,2.58875,2.58875,2.58875,2.7325,2.875,2.69625,1.96375,2.875,2.875,2.875,2.875,2.875,3.69625,7.125,3.07125,2.58875,2.875,6.0175,3.9825,2.25,1.4825,1.4825,3.07125,2.875,2.875,3.5,2.875,1.4825,1.80375,2.875,3.3575,1,3.83875,2.58875,2.875,1.96375,2.58875,2.58875,3.07125,2.58875,3.83875,2.875,1.96375,3.9825,3.07125,3.3575,2.7325,2.25,3.07125,2.25,4.1425,4.1425,2.875,3.21375,3.07125,3.07125,3.07125,2.42875,3.3575,3.3575,2.875,3.3575,3.07125,2.875,2.875,2.875,5.08875,2.875,2.875,3.07125,3.83875,2.875,2.875,2.7325,2.875,3.07125,2.7325,1.96375,3.21375,2.25,3.5,3.69625,2.25,3.83875,2.69625,2.58875,3.3575,5.875,7.2675
2.25,2.42875,3.5,3.21375,1.80375,1.80375,2.25,3.9825,2.58875,3.5,3.21375,3.21375,2.875,2.875,2.875,2.875,3.21375,3.21375,3.21375,4.32125,2.875,3.21375,3.21375,3.21375,2.7325,2.875,3.5,3.21375,3.21375,3.5,4.32125,4.32125,3.07125,2.1075,2.58875,2.875,1.625,3.21375,3.3575,2.875,3.21375,2.7325,4.46375,3.83875,3.83875,3.5,3.07125,3.3575,2.875,2.25,3.3575,2.875,3.3575,3.5,3.21375,3.07125,3.3575,2.875,3.3575,3.3575,2.875,3.3575,2.42875,2.58875,1.96375,2.1075,2.25,3.21375,3.5,3.69625,3.07125,2.1075,1.96375,2.875,3.3575,5.08875,3.21375,2.1075,2.875,4.94625,3.3575,2.875,3.3575,2.875,2.58875,2.9825,3.21375,2.7325,3.21375,2.875,3.21375,2.25,2.875,2.58875,4.32125,2.1075,2.875,3.21375,3.3575,3.21375,1.96375,3.5,1.96375,3.21375,2.875,3.21375,3.3575,2.58875,3.5,4.2325,3.5,3.69625,4.2325,3.5,3.69625,3.69625,4.6075,3.5,3.21375,3.3575,6.0175,3.83875,3.69625,3.69625,1.80375,3.3575,3.3575,3.21375,3.21375,3.21375,3.21375,2.1075,3.3575,3.3575,3.07125,3.5,2.7325,2.58875,2.58875,2.7325,2.875,2.83875,1.96375,2.875,2.875,2.875,2.875,2.875,3.69625,7.2675,3.07125,3.69625,2.875,6.19625,4.1425,2.42875,1.625,1.625,3.21375,2.875,2.875,3.5,2.875,1.4825,1.9825,2.875,3.3575,1,3.9825,2.58875,3.07125,1.96375,2.7325,2.7325,3.21375,2.7325,3.83875,3.07125,2.1075,4.1425,3.21375,3.5,2.7325,2.25,3.07125,2.25,4.32125,4.32125,3.07125,3.21375,3.21375,3.21375,3.21375,2.42875,3.5,3.5,2.875,3.5,3.07125,2.875,2.875,3.5,5.25,2.875,2.875,3.21375,3.9825,4.46375,2.875,2.875,3.07125,3.07125,2.875,2.1075,3.21375,2.25,3.69625,3.69625,2.25,3.9825,2.69625,2.7325,3.3575,6.0175,7.46375
2.42875,2.42875,3.69625,3.3575,1.96375,1.96375,2.42875,3.9825,2.7325,3.5,3.3575,3.3575,3.07125,3.07125,3.3575,3.07125,3.3575,3.3575,3.3575,4.32125,2.875,3.3575,3.3575,3.3575,2.7325,3.07125,3.69625,3.3575,3.21375,3.69625,4.32125,4.46375,3.21375,2.1075,2.58875,3.07125,1.80375,3.3575,3.5,3.07125,3.21375,2.875,4.6075,3.83875,3.9825,3.69625,3.21375,3.3575,3.07125,2.42875,3.5,3.07125,3.5,3.5,3.3575,3.21375,3.5,3.07125,3.5,3.5,3.07125,3.5,2.42875,2.58875,2.1075,2.1075,2.25,3.21375,3.5,3.69625,3.07125,2.1075,1.96375,3.07125,3.5,5.25,3.21375,2.25,3.07125,5.08875,3.5,3.07125,3.5,3.07125,2.58875,2.9825,3.3575,2.875,3.21375,3.07125,3.21375,2.25,3.07125,2.7325,4.32125,2.1075,3.07125,3.3575,3.5,3.21375,1.96375,3.69625,1.96375,3.21375,3.07125,3.21375,3.5,2.58875,3.69625,4.285,3.69625,3.83875,4.42875,3.69625,3.83875,3.83875,4.7675,3.5,3.3575,3.5,6.19625,3.9825,3.69625,3.69625,1.96375,3.5,3.5,3.21375,3.21375,3.3575,3.21375,2.1075,3.5,3.5,3.07125,3.69625,2.7325,2.58875,2.7325,2.875,3.07125,2.83875,1.96375,3.07125,3.07125,3.07125,3.07125,3.07125,3.83875,7.46375,3.07125,3.69625,3.07125,6.3575,4.32125,2.42875,1.625,1.625,3.21375,3.07125,3.07125,3.69625,3.07125,1.4825,1.9825,3.07125,3.5,1.17875,3.9825,2.7325,3.07125,2.1075,2.7325,2.7325,3.3575,2.7325,3.9825,3.07125,2.1075,4.1425,3.21375,3.69625,2.875,2.42875,3.21375,2.42875,4.46375,4.46375,3.07125,3.3575,3.3575,3.21375,3.21375,2.42875,3.5,3.5,3.07125,3.69625,3.21375,3.07125,3.07125,3.5,5.3925,3.07125,3.07125,3.21375,3.9825,4.46375,3.07125,2.875,3.21375,3.21375,2.875,2.1075,3.3575,2.25,3.69625,3.83875,2.42875,4.1425,2.69625,2.7325,3.5,6.19625,7.75
2.7325,2.58875,3.83875,3.5,1.96375,1.96375,2.42875,4.32125,2.875,3.83875,3.5,3.5,3.21375,3.21375,3.5,3.21375,3.5,3.5,3.5,4.6075,3.07125,3.5,3.5,3.5,2.875,3.21375,3.83875,3.5,3.5,3.83875,4.6075,4.6075,3.3575,2.25,2.7325,3.21375,1.80375,3.5,3.69625,3.21375,3.3575,3.07125,4.94625,4.1425,4.1425,3.83875,3.3575,3.69625,3.21375,2.42875,3.69625,3.21375,3.69625,3.5,3.5,3.3575,3.69625,3.21375,3.69625,3.69625,3.21375,3.69625,2.58875,2.7325,2.1075,2.25,2.42875,3.3575,3.83875,3.83875,3.21375,2.25,2.1075,3.21375,3.69625,5.57125,3.3575,2.42875,3.21375,5.25,3.69625,3.21375,3.69625,3.21375,2.7325,3.125,3.5,3.07125,3.3575,3.21375,3.3575,2.42875,3.21375,2.875,4.6075,2.25,3.21375,3.5,3.69625,3.3575,2.1075,3.83875,2.1075,3.3575,3.21375,3.3575,3.69625,2.7325,3.83875,4.6075,3.83875,3.9825,4.6075,3.83875,3.9825,3.9825,4.94625,3.69625,3.5,3.69625,6.5,4.1425,3.9825,3.9825,1.96375,3.69625,3.69625,3.3575,3.3575,3.5,3.3575,2.25,3.69625,3.69625,3.21375,3.83875,2.875,2.7325,2.875,2.875,3.21375,2.9825,2.1075,3.21375,3.21375,3.21375,3.21375,3.21375,3.9825,7.8925,3.07125,3.69625,3.21375,6.6425,4.46375,2.58875,1.625,1.625,3.3575,3.21375,3.21375,3.83875,3.21375,1.80375,1.9825,3.21375,3.69625,1.17875,4.32125,2.875,3.21375,2.1075,2.875,2.875,3.5,2.875,4.1425,3.21375,2.25,4.46375,3.3575,3.83875,2.875,2.42875,3.3575,2.42875,4.6075,4.6075,3.21375,3.5,3.5,3.3575,3.3575,2.7325,3.69625,3.83875,3.21375,3.83875,3.3575,3.21375,3.21375,3.5,5.57125,3.21375,3.21375,3.3575,4.32125,4.46375,3.21375,3.07125,3.3575,3.3575,3.07125,2.25,3.5,2.42875,3.83875,3.9825,2.42875,4.32125,2.83875,2.875,3.69625,6.5,8.08875
2.7325,2.58875,3.83875,3.5,2.1075,2.1075,2.58875,4.32125,2.875,3.83875,3.5,3.5,3.21375,3.21375,3.5,3.21375,3.5,3.5,3.5,4.7675,3.21375,3.5,3.5,3.5,3.07125,3.21375,3.9825,3.5,3.5,3.83875,4.6075,4.7675,3.3575,2.25,2.7325,3.21375,1.96375,3.5,3.83875,3.21375,3.5,3.07125,4.94625,4.1425,4.32125,3.9825,3.5,3.69625,3.21375,2.58875,3.83875,3.21375,3.83875,3.5,3.5,3.3575,3.83875,3.3575,3.83875,3.83875,3.21375,3.83875,2.58875,2.7325,2.1075,2.25,2.58875,3.5,3.83875,3.9825,3.3575,2.25,2.1075,3.21375,3.83875,5.71375,3.5,2.42875,3.21375,5.3925,3.69625,3.21375,3.83875,3.21375,2.7325,3.32125,3.5,3.07125,3.5,3.21375,3.5,2.42875,3.21375,2.875,4.6075,2.25,3.21375,3.69625,3.69625,3.5,2.1075,3.83875,2.1075,3.5,3.21375,3.5,3.69625,2.875,3.9825,4.6075,3.9825,4.1425,4.75,3.9825,4.1425,4.1425,5.08875,3.83875,3.5,3.69625,6.6425,4.32125,3.9825,3.9825,2.1075,3.83875,3.83875,3.5,3.5,3.5,3.5,2.25,3.83875,3.83875,3.3575,3.83875,3.07125,2.875,2.875,3.07125,3.21375,3.0175,2.1075,3.21375,3.21375,3.21375,3.21375,3.21375,4.1425,8.08875,3.5,2.875,3.21375,6.82125,4.6075,2.58875,1.80375,1.80375,3.5,3.21375,3.21375,3.9825,3.21375,1.80375,2.17875,3.21375,3.83875,1.17875,4.32125,2.875,3.3575,2.25,3.07125,3.07125,3.5,3.07125,4.32125,3.3575,2.25,4.46375,3.5,3.83875,3.07125,2.58875,3.3575,2.58875,4.7675,4.7675,3.3575,3.5,3.5,3.5,3.5,2.7325,3.83875,3.83875,3.21375,3.83875,3.3575,3.21375,3.21375,3.5,5.71375,3.21375,3.21375,3.5,4.32125,4.46375,3.21375,3.21375,3.3575,3.3575,3.21375,2.25,3.5,2.58875,3.9825,4.1425,2.58875,4.46375,3.0175,2.875,3.69625,6.6425,8.2325
2.875,2.7325,3.9825,3.69625,2.1075,2.1075,2.58875,4.46375,3.07125,3.9825,3.69625,3.69625,3.3575,3.3575,3.69625,3.3575,3.69625,3.69625,3.69625,4.7675,3.21375,3.69625,3.69625,3.69625,3.07125,3.3575,3.9825,3.69625,3.69625,3.9825,4.7675,4.7675,3.5,2.25,2.875,3.3575,1.96375,3.69625,3.83875,3.3575,3.5,3.21375,5.08875,4.32125,4.32125,3.9825,3.5,3.83875,3.3575,2.58875,3.83875,3.3575,3.83875,4.7675,3.69625,3.5,3.83875,3.3575,3.83875,3.83875,3.3575,3.83875,2.7325,2.875,2.25,2.25,2.58875,3.5,3.9825,4.1425,3.5,2.25,2.1075,3.3575,3.83875,5.71375,3.5,2.42875,3.3575,5.57125,3.83875,3.3575,3.83875,3.3575,2.875,3.32125,3.69625,3.21375,3.5,3.3575,3.5,2.58875,3.3575,3.07125,4.7675,2.42875,3.3575,3.69625,3.83875,3.5,2.1075,3.9825,2.25,3.5,3.3575,3.5,3.83875,2.875,3.9825,4.75,3.9825,4.1425,4.75,3.9825,4.1425,4.1425,5.25,3.83875,3.69625,3.83875,6.82125,4.46375,4.1425,4.1425,2.1075,3.83875,3.83875,3.5,3.5,3.69625,3.5,2.25,3.83875,3.83875,3.3575,3.9825,3.07125,2.875,2.875,3.07125,3.3575,3.17875,2.25,3.3575,3.3575,3.3575,3.3575,3.3575,4.32125,8.2325,3.5,3.69625,3.3575,6.9825,4.7675,2.7325,1.80375,1.80375,3.5,3.3575,3.3575,3.9825,3.3575,1.80375,2.17875,3.3575,3.83875,1.17875,4.46375,3.07125,3.3575,2.25,3.07125,3.07125,3.69625,3.21375,4.46375,3.3575,2.25,4.6075,3.5,3.9825,3.07125,2.58875,3.5,2.58875,4.94625,4.94625,3.3575,3.69625,3.69625,3.5,3.5,2.7325,3.9825,3.9825,3.3575,3.9825,3.5,3.3575,3.3575,3.69625,5.875,3.3575,3.3575,3.69625,4.46375,4.46375,3.3575,3.21375,3.5,3.5,3.21375,2.25,3.69625,2.58875,4.1425,4.32125,2.58875,4.6075,3.0175,3.07125,3.83875,6.82125,8.535
2.875,2.875,4.1425,3.83875,2.25,2.25,2.7325,4.6075,3.07125,4.1425,3.83875,3.83875,3.5,3.5,3.83875,3.5,3.83875,3.83875,3.83875,5.08875,3.3575,3.83875,3.83875,3.83875,3.21375,3.5,4.32125,3.83875,3.83875,4.1425,5.08875,5.08875,3.69625,2.42875,3.07125,3.5,2.1075,3.83875,3.9825,3.5,3.69625,3.21375,5.3925,4.46375,4.6075,4.32125,3.69625,3.9825,3.5,2.7325,3.9825,3.5,3.9825,4.7675,3.83875,3.69625,4.1425,3.5,4.1425,4.1425,3.5,4.1425,2.875,3.07125,2.42875,2.42875,2.7325,3.69625,4.1425,4.32125,3.5,2.42875,2.25,3.5,3.9825,6.0175,3.69625,2.58875,3.5,5.875,3.9825,3.5,3.9825,3.5,3.07125,3.5,3.83875,3.3575,3.69625,3.5,3.69625,2.58875,3.5,3.07125,5.08875,2.58875,3.5,3.83875,3.9825,3.69625,2.25,4.1425,2.42875,3.69625,3.5,3.69625,3.9825,3.07125,4.32125,4.94625,4.1425,4.46375,5.08875,4.1425,4.46375,4.46375,5.3925,4.1425,3.83875,3.9825,7.125,4.6075,4.32125,4.32125,2.25,3.9825,3.9825,3.69625,3.69625,3.83875,3.69625,2.42875,4.1425,4.1425,3.5,4.1425,3.21375,3.07125,3.07125,3.21375,3.5,3.3575,2.25,3.5,3.5,3.5,3.5,3.5,4.46375,8.535,3.5,3.69625,3.5,7.2675,4.94625,2.875,1.80375,1.80375,3.69625,3.5,3.5,4.1425,3.5,1.96375,2.32125,3.5,4.1425,1.32125,4.6075,3.21375,3.5,2.42875,3.21375,3.21375,3.83875,3.3575,4.6075,3.5,2.42875,4.7675,3.69625,4.1425,3.21375,2.7325,3.69625,2.7325,5.08875,5.08875,3.5,3.83875,3.83875,3.69625,3.69625,2.875,4.1425,4.1425,3.5,4.1425,3.69625,3.5,3.5,3.69625,6.19625,3.5,3.5,3.83875,4.6075,5.3925,3.5,3.3575,3.69625,3.69625,3.3575,2.42875,3.83875,2.7325,4.32125,4.46375,2.7325,4.7675,3.17875,3.21375,3.9825,7.125,8.8575
3.07125,2.875,4.32125,3.9825,2.25,2.25,2.7325,4.7675,3.21375,4.32125,3.9825,3.9825,3.5,3.5,3.83875,3.5,3.9825,3.9825,3.83875,5.25,3.5,3.9825,3.9825,3.9825,3.3575,3.5,4.32125,3.83875,3.83875,4.32125,5.08875,5.25,3.69625,2.58875,3.07125,3.5,2.1075,3.9825,4.1425,3.5,3.83875,3.3575,5.3925,4.6075,4.6075,4.32125,3.83875,3.9825,3.5,2.7325,4.1425,3.5,4.1425,4.7675,3.9825,3.69625,4.1425,3.69625,4.1425,4.1425,3.69625,4.1425,2.875,3.07125,2.42875,2.58875,2.7325,3.83875,4.32125,4.32125,3.5,2.58875,2.42875,3.5,4.1425,6.19625,3.83875,2.7325,3.5,6.0175,4.1425,3.5,4.1425,3.5,3.07125,3.5,3.9825,3.3575,3.83875,3.5,3.69625,2.7325,3.5,3.21375,5.08875,2.58875,3.5,3.9825,4.1425,3.83875,2.25,4.32125,2.42875,3.83875,3.5,3.83875,4.1425,3.07125,4.32125,5.08875,4.32125,4.46375,5.08875,4.32125,4.46375,4.46375,5.57125,4.1425,3.83875,4.1425,7.2675,4.7675,4.46375,4.46375,2.25,4.1425,4.1425,3.83875,3.83875,3.9825,3.83875,2.58875,4.1425,4.1425,3.69625,4.32125,3.3575,3.21375,3.21375,3.3575,3.5,3.3575,2.42875,3.5,3.5,3.5,3.5,3.5,4.6075,8.8575,3.83875,3.5,3.5,7.46375,5.08875,2.875,1.96375,1.96375,3.83875,3.5,3.5,4.32125,3.5,1.96375,2.32125,3.5,4.1425,1.32125,4.7675,3.21375,3.69625,2.42875,3.3575,3.3575,3.83875,3.3575,4.7675,3.69625,2.58875,4.94625,3.83875,4.32125,3.3575,2.7325,3.69625,2.7325,5.25,5.25,3.69625,3.9825,3.83875,3.83875,3.83875,2.875,4.1425,4.32125,3.5,4.32125,3.69625,3.5,3.5,3.69625,6.3575,3.5,3.5,3.83875,4.7675,5.3925,3.5,3.5,3.69625,3.69625,3.5,2.58875,3.83875,2.7325,4.32125,4.6075,2.7325,4.94625,3.17875,3.21375,4.1425,7.2675,9
3.07125,2.875,4.32125,3.9825,2.25,2.25,2.875,4.94625,3.21375,4.32125,3.9825,3.9825,3.69625,3.69625,3.9825,3.69625,3.9825,3.9825,3.9825,5.25,3.5,3.9825,3.9825,3.9825,3.3575,3.69625,4.46375,3.9825,3.9825,4.32125,5.25,5.25,3.83875,2.58875,3.21375,3.69625,2.1075,3.9825,4.32125,3.69625,3.83875,3.3575,5.57125,4.7675,4.7675,4.46375,3.83875,4.1425,3.69625,2.875,4.32125,3.69625,4.32125,4.7675,3.9825,3.83875,4.32125,3.69625,4.32125,4.32125,3.69625,4.32125,2.875,3.21375,2.58875,2.58875,2.875,3.83875,4.32125,4.46375,3.83875,2.58875,2.42875,3.69625,4.1425,6.3575,3.83875,2.7325,3.69625,6.0175,4.1425,3.69625,4.32125,3.69625,3.21375,3.6425,3.9825,3.5,3.9825,3.69625,3.83875,2.7325,3.69625,3.21375,5.25,2.58875,3.69625,3.9825,4.1425,3.83875,2.42875,4.32125,2.42875,3.83875,3.69625,3.83875,4.1425,3.21375,4.46375,5.2675,4.46375,4.6075,5.2675,4.46375,4.6075,4.6075,5.71375,4.32125,3.9825,4.1425,7.46375,4.7675,4.46375,4.46375,2.25,4.1425,4.1425,3.83875,3.83875,3.9825,3.83875,2.58875,4.32125,4.32125,3.69625,4.32125,3.3575,3.21375,3.21375,3.3575,3.69625,3.535,2.42875,3.69625,3.69625,3.69625,3.69625,3.69625,4.6075,9,3.83875,3.5,3.69625,7.6075,5.08875,2.875,1.96375,1.96375,3.83875,3.69625,3.69625,4.46375,3.69625,1.96375,2.32125,3.69625,4.32125,1.32125,4.94625,3.21375,3.69625,2.42875,3.3575,3.3575,3.9825,3.5,4.7675,3.69625,2.58875,5.08875,3.9825,4.32125,3.3575,2.875,3.83875,2.875,5.3925,5.3925,3.69625,3.9825,3.9825,3.83875,3.83875,3.07125,4.32125,4.32125,3.69625,4.32125,3.83875,3.69625,3.69625,3.69625,6.3575,3.69625,3.69625,3.9825,4.94625,5.3925,3.69625,3.5,3.83875,3.83875,3.5,2.58875,3.9825,2.875,4.46375,4.6075,2.875,4.94625,3.3575,3.3575,4.1425,7.46375,9.33875
